Timestamp,Vibration,Moisture,Temperature,FailureLabel,ErrorType
2024-01-01 00:00:00,0.6073583137333826,35.535466262464865,71.44743646289604,1,High Vibration
2024-01-01 01:00:00,0.5400478741352375,40.08600235735112,76.59472656768092,0,None
2024-01-01 02:00:00,0.4168346502596906,44.33208319029302,65.43431814913777,0,None
2024-01-01 03:00:00,0.5241413582834165,40.23643565536547,76.00857005711683,0,None
2024-01-01 04:00:00,0.5747377887795759,42.0766174629284,69.75074421273025,0,None
2024-01-01 05:00:00,0.3575031235801155,40.902524973471884,71.92657580624125,0,None
2024-01-01 06:00:00,0.6825312273190453,45.95872008165774,67.72097266134799,1,High Vibration
2024-01-01 07:00:00,0.5122209867553645,39.650051698197416,66.35143341208811,0,None
2024-01-01 08:00:00,0.5290308756334008,39.58475034497315,63.03536471528776,0,None
2024-01-01 09:00:00,0.4325645439627546,40.673411569907266,73.29405166633988,0,None
2024-01-01 10:00:00,0.521139763354533,34.8541427970631,65.71690260668261,0,None
2024-01-01 11:00:00,0.47895314528276994,40.015545196584725,69.82440041597079,0,None
2024-01-01 12:00:00,0.5525541985722872,32.42170055992602,72.47618249638528,0,None
2024-01-01 13:00:00,0.3991222239211305,45.80778236721007,71.40462345264814,0,None
2024-01-01 14:00:00,0.4329251693405271,40.91613599812518,61.38723894197072,0,None
2024-01-01 15:00:00,0.621644159211222,53.75976770772812,69.09001872821354,1,High Vibration
2024-01-01 16:00:00,0.46428525985099206,42.535545210212355,73.4378560857724,0,None
2024-01-01 17:00:00,0.669370159686435,37.04570644565641,69.0058884745334,1,High Vibration
2024-01-01 18:00:00,0.52005721286894,46.31790301238556,71.89818266335959,0,None
2024-01-01 19:00:00,0.5351063298872188,34.200865993098525,61.037779305246886,0,None
2024-01-01 20:00:00,0.4048939256419809,32.713808375809556,71.79198113932199,0,None
2024-01-01 21:00:00,0.5484883638375234,43.809142104943355,77.4574067154174,0,None
2024-01-01 22:00:00,0.43545065463857574,39.2628019661949,63.85196898192757,0,None
2024-01-01 23:00:00,0.7280037413776301,37.59194810392502,67.7711204439307,1,High Vibration
2024-01-02 00:00:00,0.49525764501527314,31.039725636835392,74.24355312617836,0,None
2024-01-02 01:00:00,0.5209225243065112,37.89396014090895,66.30522211060065,0,None
2024-01-02 02:00:00,0.4087683735574096,40.63894952558065,74.64057423704055,0,None
2024-01-02 03:00:00,0.4757585816622073,36.45007779851867,74.11004084626919,0,None
2024-01-02 04:00:00,0.4150936486086255,38.42132877670494,69.4914350352648,0,None
2024-01-02 05:00:00,0.3527297396500777,44.85271116644042,69.2559894807335,0,None
2024-01-02 06:00:00,0.4092969189480892,45.67986506420701,68.72015401186414,0,None
2024-01-02 07:00:00,0.4545796640448624,24.17126281039053,67.55370092206465,0,None
2024-01-02 08:00:00,0.5417429125988946,42.02851034989351,65.19567203025727,0,None
2024-01-02 09:00:00,0.5292098197096423,50.033568243576966,66.6283537650831,0,None
2024-01-02 10:00:00,0.5835822919022591,38.29641955478043,72.94405048174463,0,None
2024-01-02 11:00:00,0.38115387915673926,38.867984094030035,68.01228208162007,0,None
2024-01-02 12:00:00,0.41511441164544555,29.02023909549585,63.8649689885598,0,None
2024-01-02 13:00:00,0.5041995139258264,42.20830724051122,75.9268138790402,0,None
2024-01-02 14:00:00,0.5278015389750859,37.14753184237025,72.11853372897436,0,None
2024-01-02 15:00:00,0.4666519515040237,33.53746456144309,70.47628024404398,0,None
2024-01-02 16:00:00,0.31861237092055505,42.44432329099138,64.40185304146982,0,None
2024-01-02 17:00:00,0.4668707588631417,33.704632258435275,70.76036177690042,0,None
2024-01-02 18:00:00,0.735753419665716,35.4106410292969,66.23410155221343,1,High Vibration
2024-01-02 19:00:00,0.4554794430165292,25.32855787166706,72.4222108790851,0,None
2024-01-02 20:00:00,0.4569653134449879,41.79785876260902,68.81491007028289,0,None
2024-01-02 21:00:00,0.5291477570482971,38.48668918868355,64.90581574040789,0,None
2024-01-02 22:00:00,0.42365667517077815,41.334030304491705,68.80929248293208,0,None
2024-01-02 23:00:00,0.3773698641580032,40.64742496781327,77.55102931197088,0,None
2024-01-03 00:00:00,0.5567067152724218,40.86219099756524,58.36458062022418,0,None
2024-01-03 01:00:00,0.49051248320192914,32.85869272331734,67.38126991307567,0,None
2024-01-03 02:00:00,0.6385778575940948,33.60318510391806,69.12565024693765,1,High Vibration
2024-01-03 03:00:00,0.7359906491636671,43.38123786327537,77.09557471702938,1,High Vibration
2024-01-03 04:00:00,0.5113645092772815,49.36292789837953,74.22828318685951,0,None
2024-01-03 05:00:00,0.5248300178058954,34.9268978341852,65.27267671093851,0,None
2024-01-03 06:00:00,0.47393719804086265,40.870343158055185,66.28598307643381,0,None
2024-01-03 07:00:00,0.45733207136266,42.469108456764346,67.65827730139468,0,None
2024-01-03 08:00:00,0.4180295766181342,33.43923234567182,69.79499143913549,0,None
2024-01-03 09:00:00,0.38691228331353716,42.83623926337566,62.389652313086295,0,None
2024-01-03 10:00:00,0.5706100266774601,34.68280454623349,60.9294057034145,0,None
2024-01-03 11:00:00,0.5902808761165289,31.240636043842414,62.62416075514437,0,None
2024-01-03 12:00:00,0.5213841325316242,35.1809217102419,65.95199588505469,0,None
2024-01-03 13:00:00,0.6761607218911662,41.41959572626018,76.14297202677604,1,High Vibration
2024-01-03 14:00:00,0.4458910575299533,36.610479673757006,61.91696466800243,0,None
2024-01-03 15:00:00,0.41615886288726045,31.512998823194632,78.7955854351298,0,None
2024-01-03 16:00:00,0.617772930619029,34.33042983773043,64.30472269392381,1,High Vibration
2024-01-03 17:00:00,0.3880251787012696,45.26030771905003,66.61032859014765,0,None
2024-01-03 18:00:00,0.5485014697680957,38.69583648658802,72.27700237254544,0,None
2024-01-03 19:00:00,0.6017238229567974,45.75372533062462,73.1363485955372,1,High Vibration
2024-01-03 20:00:00,0.28730173853149366,39.34898295068091,62.80212102842436,0,None
2024-01-03 21:00:00,0.622666915796806,43.25296065343039,71.89916325203359,1,High Vibration
2024-01-03 22:00:00,0.3981627516379146,40.34176412459185,73.62298633935836,0,None
2024-01-03 23:00:00,0.35275694133527247,43.27391647417743,61.68130484380525,0,None
2024-01-04 00:00:00,0.40456866404864206,37.39372522617827,77.68187091159741,0,None
2024-01-04 01:00:00,0.41814069834821205,45.23114200906183,64.2404712143431,0,None
2024-01-04 02:00:00,0.6405926749344073,43.22137340504783,73.72337752667849,1,High Vibration
2024-01-04 03:00:00,0.4192548535526959,32.80378175148425,70.02323909281898,0,None
2024-01-04 04:00:00,0.4339781891591402,45.45560118864158,73.01522691696518,0,None
2024-01-04 05:00:00,0.6270810744595309,43.17730413853682,73.88644466407563,1,High Vibration
2024-01-04 06:00:00,0.5124649588839937,36.72451415940962,67.74184623680864,0,None
2024-01-04 07:00:00,0.44432233931604337,31.42551889403878,67.8898331506804,0,None
2024-01-04 08:00:00,0.4625808307686598,28.9461887828721,65.1758988114109,0,None
2024-01-04 09:00:00,0.37820924475277656,43.70339459088745,69.35398569520088,0,None
2024-01-04 10:00:00,0.333555977131446,33.68408270025378,65.39051827600268,0,None
2024-01-04 11:00:00,0.43983582949553834,47.341133538646545,68.86889207431668,0,None
2024-01-04 12:00:00,0.5655944422321516,37.690191541535384,64.82183311118462,0,None
2024-01-04 13:00:00,0.4927627031076465,41.990304174860164,64.25170983920286,0,None
2024-01-04 14:00:00,0.3722161608468135,38.4559426125279,66.71078887473567,0,None
2024-01-04 15:00:00,0.46942189500044285,28.587088876923104,77.06972164479507,0,None
2024-01-04 16:00:00,0.34631332650324553,42.493434902234696,70.82936228655281,0,None
2024-01-04 17:00:00,0.5242302076745149,43.20663128441808,65.90169570089733,0,None
2024-01-04 18:00:00,0.4368181788426022,36.66871274613531,70.73024889030525,0,None
2024-01-04 19:00:00,0.31159889870410507,45.10818965295384,67.60346307963567,0,None
2024-01-04 20:00:00,0.22387251388980484,41.54506203559158,70.75801063979524,0,None
2024-01-04 21:00:00,0.6033858676668586,34.46821399671358,67.01288942684732,1,High Vibration
2024-01-04 22:00:00,0.632402031042799,46.94229333677059,67.35394279398888,1,High Vibration
2024-01-04 23:00:00,0.5656550074197416,39.20576024238495,60.07679491757042,0,None
2024-01-05 00:00:00,0.5316353936352619,40.08394397208016,69.32350376318314,0,None
2024-01-05 01:00:00,0.46404203142180794,45.3543928923044,64.5345293097729,0,None
2024-01-05 02:00:00,0.3596372468054817,39.75273592688065,71.32540484498077,0,None
2024-01-05 03:00:00,0.7189319662875764,44.88252786159536,62.74569896278513,1,High Vibration
2024-01-05 04:00:00,0.675237326478455,37.63290353589583,71.70791211987793,1,High Vibration
2024-01-05 05:00:00,0.5473803395819269,45.15081528494076,72.92564221908596,0,None
2024-01-05 06:00:00,0.4149855891469787,43.556699292066455,73.67287070601682,0,None
2024-01-05 07:00:00,0.5549752500891394,42.870287268278204,71.07034873181847,0,None
2024-01-05 08:00:00,0.5605947209730331,47.585955467574806,79.49276034649051,0,None
2024-01-05 09:00:00,0.5119284439876203,35.47231478053897,66.32560413525076,0,None
2024-01-05 10:00:00,0.5894306077443594,37.603536426058604,65.868087317616,0,None
2024-01-05 11:00:00,0.5430446819433876,39.82918641284284,76.36199444102746,0,None
2024-01-05 12:00:00,0.5973122970999617,38.646853159531794,71.95467052358867,0,None
2024-01-05 13:00:00,0.44030337283379817,34.43474978024643,73.68799120902237,0,None
2024-01-05 14:00:00,0.4710855472901078,43.54994058851536,70.15093148704231,0,None
2024-01-05 15:00:00,0.41545652485866,44.342818747960024,75.00030107348778,0,None
2024-01-05 16:00:00,0.6822970999315681,44.38483794318898,70.09554814417531,1,High Vibration
2024-01-05 17:00:00,0.39793028368911887,38.382021170662725,69.37367762210658,0,None
2024-01-05 18:00:00,0.35213190174752507,42.65995598910188,68.73175355283514,0,None
2024-01-05 19:00:00,0.49115295665154574,42.56345592675299,65.81481066811605,0,None
2024-01-05 20:00:00,0.5238165066325335,35.497727163098844,69.17698812026626,0,None
2024-01-05 21:00:00,0.5730712734893749,33.08329473664039,68.08673490985157,0,None
2024-01-05 22:00:00,0.3652136001709504,33.60155440245794,70.6500095560388,0,None
2024-01-05 23:00:00,0.420213806496494,38.642411137154376,65.37773966622196,0,None
2024-01-06 00:00:00,0.5504640228229808,46.40292817965608,66.7941458394107,0,None
2024-01-06 01:00:00,0.4889176078190212,44.59515764828709,59.4379244176423,0,None
2024-01-06 02:00:00,0.6215269728897646,42.00005716118312,70.70725031944005,1,High Vibration
2024-01-06 03:00:00,0.5449012300450279,38.50658954635264,70.8903589922521,0,None
2024-01-06 04:00:00,0.6101632041746741,41.62585834010943,80.03460660185846,1,High Temperature
2024-01-06 05:00:00,0.7106483235166546,47.91490655623622,72.21867538406126,1,High Vibration
2024-01-06 06:00:00,0.4695130423052135,45.517638998148655,66.30135841281611,0,None
2024-01-06 07:00:00,0.3485625312726853,40.214669060337215,71.97616847445491,0,None
2024-01-06 08:00:00,0.6221765077719172,42.71811019021746,67.35747050976997,1,High Vibration
2024-01-06 09:00:00,0.45922472527692204,42.2105380381692,77.33695398623898,0,None
2024-01-06 10:00:00,0.4807651174243506,40.66827806573494,70.60271166126181,0,None
2024-01-06 11:00:00,0.5488795171154492,34.12787571854561,70.40847960035097,0,None
2024-01-06 12:00:00,0.4516953565814371,37.16781018303346,68.97430679066589,0,None
2024-01-06 13:00:00,0.379384324705311,30.89895563218505,78.92491414167672,0,None
2024-01-06 14:00:00,0.5199498835058886,42.57258183764674,78.13540750739256,0,None
2024-01-06 15:00:00,0.5514359399859033,38.14469467745841,71.3834659534265,0,None
2024-01-06 16:00:00,0.4843110536121496,39.50190247762614,70.86209247433555,0,None
2024-01-06 17:00:00,0.5909536465750378,42.880021572531945,71.67207772245796,0,None
2024-01-06 18:00:00,0.5273489294482798,33.814936934817716,72.24252421167611,0,None
2024-01-06 19:00:00,0.5637524857343656,35.766695272283435,75.8285593385478,0,None
2024-01-06 20:00:00,0.4706556647728288,38.59473688831233,71.53591931764046,0,None
2024-01-06 21:00:00,0.38718905327838393,46.36139943715467,68.5952156431577,0,None
2024-01-06 22:00:00,0.45497116290769646,41.73728669446182,69.22060978069219,0,None
2024-01-06 23:00:00,0.4764957920175503,37.04842934401828,66.57388593484161,0,None
2024-01-07 00:00:00,0.5176822964556078,37.01755027231503,64.02522213520132,0,None
2024-01-07 01:00:00,0.6016823701485232,48.700874177784904,65.42743447412053,1,High Vibration
2024-01-07 02:00:00,0.6165153078705672,38.27220924579134,65.55390087583744,1,High Vibration
2024-01-07 03:00:00,0.4949017143012554,41.16531214254584,70.38908561623418,0,None
2024-01-07 04:00:00,0.3811733951268127,37.747639198638,73.62892197883794,0,None
2024-01-07 05:00:00,0.3388731691602809,39.225847338233244,64.69514952733346,0,None
2024-01-07 06:00:00,0.5854233328160383,41.02609753760619,72.77392978133244,0,None
2024-01-07 07:00:00,0.3989057572928745,37.22501350796431,68.65532794770833,0,None
2024-01-07 08:00:00,0.35625292448493323,41.27086493490511,70.11428479164323,0,None
2024-01-07 09:00:00,0.489614101822462,37.617822348111275,71.02074481043823,0,None
2024-01-07 10:00:00,0.3489295738894568,39.75667791267073,66.32496936995338,0,None
2024-01-07 11:00:00,0.5678996181872216,40.08448268251309,68.38188538222533,0,None
2024-01-07 12:00:00,0.34760835086731817,35.675292280112146,67.01232795195916,0,None
2024-01-07 13:00:00,0.46865738658126804,39.11419686940232,68.69609916424216,0,None
2024-01-07 14:00:00,0.53495792274499,38.401518488867566,72.58612208915699,0,None
2024-01-07 15:00:00,0.4355225459512192,36.56838945878627,66.08178394155897,0,None
2024-01-07 16:00:00,0.4774178144659527,45.518168805891385,70.54617372913611,0,None
2024-01-07 17:00:00,0.6077403944973109,41.83973601532232,66.40539234640106,1,High Vibration
2024-01-07 18:00:00,0.5558412777914945,38.313255469763156,62.189492028625914,0,None
2024-01-07 19:00:00,0.4802661378083429,40.79741485239963,70.35972045682503,0,None
2024-01-07 20:00:00,0.4455836171124752,42.99600540651261,70.92954765571275,0,None
2024-01-07 21:00:00,0.5630988833777736,37.23485594655415,69.48284372439389,0,None
2024-01-07 22:00:00,0.5116463211101242,37.07178285314528,67.59940224885753,0,None
2024-01-07 23:00:00,0.5749856165538209,48.8557833374105,73.31489882182791,0,None
2024-01-08 00:00:00,0.48077987694571894,41.835937374992454,62.0138780500336,0,None
2024-01-08 01:00:00,0.463197451271443,44.46677438315284,69.7562045469951,0,None
2024-01-08 02:00:00,0.40385750090464195,35.7010552546027,73.70631109554027,0,None
2024-01-08 03:00:00,0.5845497426203753,41.2412628218022,70.89646963490313,0,None
2024-01-08 04:00:00,0.5832770457780788,43.15245662779152,70.37711281802152,0,None
2024-01-08 05:00:00,0.5307045415737064,41.54770653985102,75.23579406662779,0,None
2024-01-08 06:00:00,0.2617092075437607,45.71456253499061,68.85287653683939,0,None
2024-01-08 07:00:00,0.5364959521592632,32.12816550894353,80.3248916461406,1,High Temperature
2024-01-08 08:00:00,0.43173502308430434,39.96328541353608,75.30902059414221,0,None
2024-01-08 09:00:00,0.490175115833854,47.684154058205834,62.78128108732364,0,None
2024-01-08 10:00:00,0.4070491904323701,33.74763997252588,65.9432762891597,0,None
2024-01-08 11:00:00,0.41517704003151484,39.16422252914116,67.2340517793037,0,None
2024-01-08 12:00:00,0.428252499174157,31.336856811383434,70.22878584131035,0,None
2024-01-08 13:00:00,0.5839244084243116,38.61047666584376,67.37941933988526,0,None
2024-01-08 14:00:00,0.5664312926292309,52.46771804358866,69.19039186198442,0,None
2024-01-08 15:00:00,0.384059275184449,44.01766506629841,77.40478782679043,0,None
2024-01-08 16:00:00,0.519185082660505,35.91187088192677,58.28416738937303,0,None
2024-01-08 17:00:00,0.45940936248672415,47.428636173325934,60.73957008081169,0,None
2024-01-08 18:00:00,0.32458026181475697,31.25922627632148,70.57299962548285,0,None
2024-01-08 19:00:00,0.4570753926663669,36.84080801740685,65.05636022167036,0,None
2024-01-08 20:00:00,0.4943062610240524,33.422749374146676,70.74097299386582,0,None
2024-01-08 21:00:00,0.6119402436499879,43.830200343928475,61.29458317132722,1,High Vibration
2024-01-08 22:00:00,0.5087618318600324,38.39231784774262,71.9883056317264,0,None
2024-01-08 23:00:00,0.5024273523210281,34.84400718632703,81.6715850042263,1,High Temperature
2024-01-09 00:00:00,0.5127710800205704,37.256033388020484,74.0599699337456,0,None
2024-01-09 01:00:00,0.6397988673413684,31.52545802635847,62.01122309511042,1,High Vibration
2024-01-09 02:00:00,0.4853563463456328,37.753117295887925,76.34427271737547,0,None
2024-01-09 03:00:00,0.62139345421571,43.00575794248665,71.26017546570812,1,High Vibration
2024-01-09 04:00:00,0.3797924622366002,34.64659124089795,64.04098265801196,0,None
2024-01-09 05:00:00,0.5997411605744201,45.36250544237535,72.07920162526251,0,None
2024-01-09 06:00:00,0.519736176497611,40.160474065451076,70.71239066291452,0,None
2024-01-09 07:00:00,0.4203188654985546,46.43197042215763,71.10882607509926,0,None
2024-01-09 08:00:00,0.6437652676007334,41.66097422312028,72.23648731361814,1,High Vibration
2024-01-09 09:00:00,0.5321097374178169,44.802833782995606,70.49441834850543,0,None
2024-01-09 10:00:00,0.6062273425744903,45.94007074151671,75.72310498259799,1,High Vibration
2024-01-09 11:00:00,0.46799954424656004,42.05379384945408,68.79266559382064,0,None
2024-01-09 12:00:00,0.6271704876734204,40.11151596955192,64.54219061398607,1,High Vibration
2024-01-09 13:00:00,0.5214093310481092,26.074100471215992,74.3493537711955,0,None
2024-01-09 14:00:00,0.46024529174067286,45.23157149648384,68.17730512956346,0,None
2024-01-09 15:00:00,0.40044829665319837,54.0666726579374,64.09394376868305,0,None
2024-01-09 16:00:00,0.5801541322517214,42.08817616043604,76.9027427968474,0,None
2024-01-09 17:00:00,0.5122854920870292,44.56940310811543,72.40067980389622,0,None
2024-01-09 18:00:00,0.4726972947571291,36.16335767943357,69.46590328174135,0,None
2024-01-09 19:00:00,0.6681331195877634,27.359681067485234,67.02838065599745,1,High Vibration
2024-01-09 20:00:00,0.38873798184348934,38.21974984546439,69.39593238559297,0,None
2024-01-09 21:00:00,0.4403061038292614,43.489260365099106,64.47498619066354,0,None
2024-01-09 22:00:00,0.6072037552749446,33.08577257695662,77.28087548314787,1,High Vibration
2024-01-09 23:00:00,0.3391758191433,46.551807835574444,72.11096096187183,0,None
2024-01-10 00:00:00,0.6538863995698763,39.131368798049586,67.1591157774483,1,High Vibration
2024-01-10 01:00:00,0.5044450578318806,44.3051728213123,76.24480450662192,0,None
2024-01-10 02:00:00,0.6252276046077604,35.19912940249618,71.90912786331981,1,High Vibration
2024-01-10 03:00:00,0.5439729254592596,36.91256432761024,70.00479875140253,0,None
2024-01-10 04:00:00,0.689156025836016,35.815395520725176,67.9648505627002,1,High Vibration
2024-01-10 05:00:00,0.5226439767367541,41.16927681463043,71.97227252096688,0,None
2024-01-10 06:00:00,0.5203840406642717,43.22483241404467,73.65790827556715,0,None
2024-01-10 07:00:00,0.4621492932989413,42.00918878160703,66.63467439002447,0,None
2024-01-10 08:00:00,0.48463924793522517,38.267451745248785,67.3409146901422,0,None
2024-01-10 09:00:00,0.4660620771021865,41.432295824230195,68.50748887241001,0,None
2024-01-10 10:00:00,0.5165075748433062,43.11979358178364,63.07606401598937,0,None
2024-01-10 11:00:00,0.5608594066473586,40.693246728058625,74.09631282205395,0,None
2024-01-10 12:00:00,0.6307463012627846,42.13987353283717,82.44685335924206,1,High Temperature
2024-01-10 13:00:00,0.5048360592057192,34.850083926288534,67.55332877196406,0,None
2024-01-10 14:00:00,0.3922385509100349,47.43861773174553,62.2197800913295,0,None
2024-01-10 15:00:00,0.5946007336828597,35.13021316994215,75.94304966535141,0,None
2024-01-10 16:00:00,0.5357402101926634,41.49170787788782,84.36569128140442,1,High Temperature
2024-01-10 17:00:00,0.5066467252964706,41.242233246793305,66.64713328720951,0,None
2024-01-10 18:00:00,0.3002680257725819,41.19406557350916,71.567178962046,0,None
2024-01-10 19:00:00,0.497269757827601,39.712715968340376,70.45542322750758,0,None
2024-01-10 20:00:00,0.6923672014766042,37.116453771772456,68.71603231166972,1,High Vibration
2024-01-10 21:00:00,0.36152658528170956,32.50769059904752,56.48942949080055,0,None
2024-01-10 22:00:00,0.5242944062247797,44.18220651827767,53.09294463862777,0,None
2024-01-10 23:00:00,0.544324710009385,31.020199482191032,65.45531942699132,0,None
2024-01-11 00:00:00,0.5697024404444955,35.71843853653907,72.90464929848243,0,None
2024-01-11 01:00:00,0.497935359165566,42.369498499145514,68.01072431990387,0,None
2024-01-11 02:00:00,0.5944335158921781,42.50206592112459,67.72797529861288,0,None
2024-01-11 03:00:00,0.4619776856560186,47.6547257986241,66.80356755493803,0,None
2024-01-11 04:00:00,0.6506118495051717,41.071567420263946,70.3387424482401,1,High Vibration
2024-01-11 05:00:00,0.4253015104662473,32.09680923235567,65.75556553422335,0,None
2024-01-11 06:00:00,0.5368533708661741,43.14754759244659,67.97799267665981,0,None
2024-01-11 07:00:00,0.42333615634188704,40.88150111287331,72.1834969368867,0,None
2024-01-11 08:00:00,0.3594849873456488,47.08719261022906,69.33931959050896,0,None
2024-01-11 09:00:00,0.6085113045321404,36.60873695319704,70.70612685857049,1,High Vibration
2024-01-11 10:00:00,0.32187354656286604,44.43283667180374,71.28845813713514,0,None
2024-01-11 11:00:00,0.5349386586351766,32.80629760762481,77.75363074430993,0,None
2024-01-11 12:00:00,0.33445654954025683,35.84976406415372,58.22585163230074,0,None
2024-01-11 13:00:00,0.42163637418821753,38.8028234250101,70.70601009769557,0,None
2024-01-11 14:00:00,0.4504003435434303,42.140302911361864,68.48837345148061,0,None
2024-01-11 15:00:00,0.5116378152926436,48.196978025583874,70.00052698585658,0,None
2024-01-11 16:00:00,0.5698901448993724,44.179296981549996,72.92925800471562,0,None
2024-01-11 17:00:00,0.6316816699507399,36.96052730275734,75.26167643069266,1,High Vibration
2024-01-11 18:00:00,0.4923508157808324,44.357040120289525,85.58307278016687,1,High Temperature
2024-01-11 19:00:00,0.6412529309273864,38.74435816234543,76.36821684242592,1,High Vibration
2024-01-11 20:00:00,0.6857473212040868,47.389459165951344,68.90265022398677,1,High Vibration
2024-01-11 21:00:00,0.6684132871971511,43.48256573697573,72.36288353841151,1,High Vibration
2024-01-11 22:00:00,0.4826277831385847,35.39575069345522,70.64616954169755,0,None
2024-01-11 23:00:00,0.26270117998229403,47.95825206866522,64.94796140299678,0,None
2024-01-12 00:00:00,0.38626692238824023,40.59616860591793,70.91863110303619,0,None
2024-01-12 01:00:00,0.35724934347264004,50.70253454911415,60.34889481418841,0,None
2024-01-12 02:00:00,0.5705631967975865,31.993714981457657,72.43284124153067,0,None
2024-01-12 03:00:00,0.6174116172349802,41.42894946850294,63.94174020405303,1,High Vibration
2024-01-12 04:00:00,0.563568004448611,51.974867103660245,60.753264364606665,0,None
2024-01-12 05:00:00,0.5785074898137315,32.927871376471046,77.76101987897673,0,None
2024-01-12 06:00:00,0.43810693496632724,32.93000774725389,73.11373508624582,0,None
2024-01-12 07:00:00,0.4393138320629401,43.262612886112144,64.48771258803811,0,None
2024-01-12 08:00:00,0.44981600783182063,44.41208131009233,73.39967132989106,0,None
2024-01-12 09:00:00,0.32533599817656333,50.45350272678565,72.27114136778656,0,None
2024-01-12 10:00:00,0.47318001746343014,40.188225704076984,73.06672513222391,0,None
2024-01-12 11:00:00,0.5456957654733628,37.76056265448728,66.72435941540235,0,None
2024-01-12 12:00:00,0.5431536370590578,36.15389581202705,79.99774310247172,0,None
2024-01-12 13:00:00,0.3051530502491796,37.793645484293684,74.05559718281704,0,None
2024-01-12 14:00:00,0.5659884072386832,40.61667498682124,72.4695015567505,0,None
2024-01-12 15:00:00,0.5467219191233683,34.72351723141241,71.26459863128758,0,None
2024-01-12 16:00:00,0.43265357741886806,37.25476230213215,63.187454978771015,0,None
2024-01-12 17:00:00,0.36727108664707403,43.325808100430926,69.0542717953931,0,None
2024-01-12 18:00:00,0.3517724637476012,34.88811033518919,74.01972521859577,0,None
2024-01-12 19:00:00,0.4362519109463843,38.91781116886684,79.1730086308689,0,None
2024-01-12 20:00:00,0.5683862463610624,36.15722974596579,67.04803987020487,0,None
2024-01-12 21:00:00,0.6588236019549616,42.932204888147915,72.97834886207372,1,High Vibration
2024-01-12 22:00:00,0.6631634912595809,41.18210121792355,70.56137529612698,1,High Vibration
2024-01-12 23:00:00,0.5082869282420567,33.76705931599712,64.68883170584162,0,None
2024-01-13 00:00:00,0.5193046832734338,41.86070689116359,70.79172397583314,0,None
2024-01-13 01:00:00,0.6549076165504057,39.02571703003809,71.73875628736313,1,High Vibration
2024-01-13 02:00:00,0.43719254396652446,41.861526944265684,78.34636804946201,0,None
2024-01-13 03:00:00,0.6276332472164746,43.39071424488723,68.75506426661234,1,High Vibration
2024-01-13 04:00:00,0.5292128625828728,29.114606454403066,67.09697375787425,0,None
2024-01-13 05:00:00,0.5785920198925956,43.51980097389687,67.69916781902313,0,None
2024-01-13 06:00:00,0.31579444635111265,48.107051124338206,68.61920456845971,0,None
2024-01-13 07:00:00,0.5973838221763124,36.20076349521002,78.5919074053862,0,None
2024-01-13 08:00:00,0.5016734075109767,43.78646758989681,70.10306560850333,0,None
2024-01-13 09:00:00,0.8118677345122811,42.44996972260391,74.61605430380861,1,High Vibration
2024-01-13 10:00:00,0.5582753530979481,41.77516394630636,70.5356275191983,0,None
2024-01-13 11:00:00,0.5626659229638191,27.862910796641806,65.08142038399285,0,None
2024-01-13 12:00:00,0.512440100844536,34.44998695634507,70.63088015421201,0,None
2024-01-13 13:00:00,0.4270718877878733,39.147472420365574,77.8781208680093,0,None
2024-01-13 14:00:00,0.48557790153040525,36.96199153294644,69.74584500764826,0,None
2024-01-13 15:00:00,0.4146591931778997,47.24547716482052,73.09750434559473,0,None
2024-01-13 16:00:00,0.38244832239380155,52.81720426111747,73.23543575264013,0,None
2024-01-13 17:00:00,0.5406670774215732,33.65076408707099,70.46808097397363,0,None
2024-01-13 18:00:00,0.4564000569660737,41.608759969370304,61.81010228343443,0,None
2024-01-13 19:00:00,0.500025339332965,40.69507646975863,71.12180395332904,0,None
2024-01-13 20:00:00,0.5947828622787605,46.16166870214928,65.72692534245158,0,None
2024-01-13 21:00:00,0.6170463691627328,35.64339608029614,65.57305299992798,1,High Vibration
2024-01-13 22:00:00,0.6612037028151212,42.87601659308629,70.43774487575267,1,High Vibration
2024-01-13 23:00:00,0.4941381429775767,39.718008093090425,67.57208088040929,0,None
2024-01-14 00:00:00,0.4335473892421743,42.506817212721245,70.27869206919418,0,None
2024-01-14 01:00:00,0.5174302720906376,49.079758274918724,77.02076292106494,0,None
2024-01-14 02:00:00,0.4077100897779715,32.77759559538072,70.48702264294774,0,None
2024-01-14 03:00:00,0.4698002630817885,41.52735820123998,73.88069860671274,0,None
2024-01-14 04:00:00,0.3248117748173244,52.39509445164944,70.95304937039077,0,None
2024-01-14 05:00:00,0.40899615641682807,51.426495368978614,75.9638048255909,0,None
2024-01-14 06:00:00,0.5521774605337038,40.22987549488299,69.67619312279163,0,None
2024-01-14 07:00:00,0.29015680163047697,36.41785126352678,75.53685351739477,0,None
2024-01-14 08:00:00,0.45273574551931955,40.13763379325432,70.20709677953218,0,None
2024-01-14 09:00:00,0.37260944524752637,33.572176623718974,75.70665993181281,0,None
2024-01-14 10:00:00,0.519621862363037,30.273859621576975,72.87496314596594,0,None
2024-01-14 11:00:00,0.4438478579587157,45.43924423824233,66.66348387631663,0,None
2024-01-14 12:00:00,0.7082580388955104,41.97988773792808,66.10710691278584,1,High Vibration
2024-01-14 13:00:00,0.4693632252266251,42.86710594399866,66.03924731013717,0,None
2024-01-14 14:00:00,0.2887761447238545,38.84381513053964,75.75914084750353,0,None
2024-01-14 15:00:00,0.5443035987513757,39.50198532539089,75.23878081574331,0,None
2024-01-14 16:00:00,0.3958711218768222,42.62193269346479,62.00795308403579,0,None
2024-01-14 17:00:00,0.30769503067836945,41.34048434041605,65.44908557603475,0,None
2024-01-14 18:00:00,0.47028829507843983,44.29344498127825,82.18086939672173,1,High Temperature
2024-01-14 19:00:00,0.37491184403010946,39.9518193572316,71.39203586794144,0,None
2024-01-14 20:00:00,0.49294397116240296,40.27276165084733,70.00516027121395,0,None
2024-01-14 21:00:00,0.36691654571029375,40.2474495288825,62.99764970368691,0,None
2024-01-14 22:00:00,0.5388658097748125,34.40701320964556,71.85398812255835,0,None
2024-01-14 23:00:00,0.4982028156224572,43.33625543331742,70.0148126373316,0,None
2024-01-15 00:00:00,0.6292335549116967,39.99842612689184,67.00450962913447,1,High Vibration
2024-01-15 01:00:00,0.30304268399393763,32.89366354518047,65.13068717910284,0,None
2024-01-15 02:00:00,0.6442890311234254,41.272224930613525,73.16442990742509,1,High Vibration
2024-01-15 03:00:00,0.5160333993781695,36.73367715358423,78.77405979157726,0,None
2024-01-15 04:00:00,0.4595104714350119,40.03493631241948,68.97842879143118,0,None
2024-01-15 05:00:00,0.5168001892200229,43.120145968228115,75.93082168586793,0,None
2024-01-15 06:00:00,0.49716698693962713,32.45392829738173,70.6146175925375,0,None
2024-01-15 07:00:00,0.5794774554353764,37.8283306182392,67.07003590811573,0,None
2024-01-15 08:00:00,0.6370165354748243,41.68649972047245,64.82998086377745,1,High Vibration
2024-01-15 09:00:00,0.3437322292791887,37.69525621309415,75.36558882254207,0,None
2024-01-15 10:00:00,0.44935355047744363,40.759283031147575,70.7207047766713,0,None
2024-01-15 11:00:00,0.43230159103659266,30.14955320389162,71.61088299766067,0,None
2024-01-15 12:00:00,0.5248496410329401,35.046659857720236,69.9439164852391,0,None
2024-01-15 13:00:00,0.25180058517502657,33.85271185315858,76.46039354610302,0,None
2024-01-15 14:00:00,0.4888808021683956,39.90993533744567,66.47650849406052,0,None
2024-01-15 15:00:00,0.5316086889489979,39.04976706652408,62.9418456468074,0,None
2024-01-15 16:00:00,0.551166507704399,55.67661784360145,74.04252074995735,0,None
2024-01-15 17:00:00,0.510197912001997,50.296867901571645,64.83918979655431,0,None
2024-01-15 18:00:00,0.5918514385300976,32.795842347409106,59.839117195479155,0,None
2024-01-15 19:00:00,0.5042728172848531,46.15580162485861,71.37869164018105,0,None
2024-01-15 20:00:00,0.5612398134199591,35.7987112982342,72.48876707810405,0,None
2024-01-15 21:00:00,0.5655250312485165,44.627384395409926,75.18580437368428,0,None
2024-01-15 22:00:00,0.5419206796268712,44.477623592880725,71.01585398439057,0,None
2024-01-15 23:00:00,0.4008180979107489,39.418869955123505,71.01728114150617,0,None
2024-01-16 00:00:00,0.26552751478468045,39.64636858518082,69.78682566245867,0,None
2024-01-16 01:00:00,0.4698478467656135,36.10743465566125,67.11949330256965,0,None
2024-01-16 02:00:00,0.44646290473427896,41.13372432548511,74.42438333685384,0,None
2024-01-16 03:00:00,0.44333068223775474,41.966798176914565,68.9978182675426,0,None
2024-01-16 04:00:00,0.48117099076446784,32.14111030731763,66.78847004715504,0,None
2024-01-16 05:00:00,0.43302835454302463,39.292833684944874,69.67856477365167,0,None
2024-01-16 06:00:00,0.48176094544184866,41.22235827736398,65.34230722958561,0,None
2024-01-16 07:00:00,0.4000958121803631,45.30559333270049,71.28795780449235,0,None
2024-01-16 08:00:00,0.5509216861579288,45.438327915988054,71.63689847882763,0,None
2024-01-16 09:00:00,0.43452236541658457,38.06677416035807,67.34176703238504,0,None
2024-01-16 10:00:00,0.4972924413896752,42.94463618526681,73.95305205060055,0,None
2024-01-16 11:00:00,0.4151964335388829,44.145599734855665,75.91589351550019,0,None
2024-01-16 12:00:00,0.6436855902462109,41.11994512901878,64.8596305264873,1,High Vibration
2024-01-16 13:00:00,0.5661658495185231,42.292415959802014,72.21209575502705,0,None
2024-01-16 14:00:00,0.5478232735877397,42.68647442837634,68.77424198910018,0,None
2024-01-16 15:00:00,0.5314007425756302,47.04315552390078,64.50997513527945,0,None
2024-01-16 16:00:00,0.367495006776833,42.57006704599246,73.55763838332989,0,None
2024-01-16 17:00:00,0.5525577775335628,36.12090790828546,63.75282863500577,0,None
2024-01-16 18:00:00,0.592073735379449,38.229044733959086,69.60921815056768,0,None
2024-01-16 19:00:00,0.5149627498637739,37.058591178735725,73.16109841313536,0,None
2024-01-16 20:00:00,0.5029601350024547,36.24825870030815,68.216536505157,0,None
2024-01-16 21:00:00,0.6554419048436708,32.88445642585465,66.28108005514335,1,High Vibration
2024-01-16 22:00:00,0.36064128169202797,39.63547437432408,73.59055449795281,0,None
2024-01-16 23:00:00,0.5933139450097551,46.57163635094439,62.682119039378186,0,None
2024-01-17 00:00:00,0.45087739193107623,44.44692346137547,67.71553501693764,0,None
2024-01-17 01:00:00,0.38626437921097173,43.01498984192231,75.26603540307067,0,None
2024-01-17 02:00:00,0.6211150373740199,48.845069235530765,61.64957888993648,1,High Vibration
2024-01-17 03:00:00,0.5629567736507508,38.95687255237758,65.29926527260318,0,None
2024-01-17 04:00:00,0.46301896958619704,35.294440659613116,71.08856929389493,0,None
2024-01-17 05:00:00,0.2636457330196459,39.641822995265144,69.27171323404171,0,None
2024-01-17 06:00:00,0.20264256983019646,41.25982585320063,67.88629244669993,0,None
2024-01-17 07:00:00,0.6155698730320855,39.54008056297005,67.75314678041022,1,High Vibration
2024-01-17 08:00:00,0.5789460241114777,46.62476088323987,69.41463713107939,0,None
2024-01-17 09:00:00,0.5394003347546518,34.283906433217815,62.14924490121039,0,None
2024-01-17 10:00:00,0.4678801490680126,36.014170144957106,66.38869502765674,0,None
2024-01-17 11:00:00,0.43346223477994805,42.41552342177855,71.49015966181081,0,None
2024-01-17 12:00:00,0.4663055188490495,40.33406349882648,79.0651388074978,0,None
2024-01-17 13:00:00,0.4807615514748318,39.81959688494693,61.33172269919768,0,None
2024-01-17 14:00:00,0.5077562798721368,35.40462320748184,59.976271337911655,0,None
2024-01-17 15:00:00,0.40373538999901387,43.81043625202878,74.61345601879268,0,None
2024-01-17 16:00:00,0.3222060303069195,42.16257455513662,67.9088709810148,0,None
2024-01-17 17:00:00,0.4603336273056354,37.0267766939791,73.7325343249449,0,None
2024-01-17 18:00:00,0.5310092686065871,46.720215125246646,70.43363531805679,0,None
2024-01-17 19:00:00,0.5408374965014234,39.0105638070753,68.78460555139284,0,None
2024-01-17 20:00:00,0.579434648212482,40.05657070452092,74.4533158509807,0,None
2024-01-17 21:00:00,0.511301881544563,35.338495592751165,63.964241869585,0,None
2024-01-17 22:00:00,0.7548293277355911,46.30300644918257,63.02993325447961,1,High Vibration
2024-01-17 23:00:00,0.46465177826823056,44.214650933231134,72.07005526168363,0,None
2024-01-18 00:00:00,0.43426753373375326,42.938943437080894,74.53173582802799,0,None
2024-01-18 01:00:00,0.535278413488851,47.60376528032323,59.82102350499721,0,None
2024-01-18 02:00:00,0.4333229172745424,50.4562850935269,73.25729483460913,0,None
2024-01-18 03:00:00,0.5829664004472421,41.384035738875724,75.03980208877958,0,None
2024-01-18 04:00:00,0.619052016214711,31.908693949515033,65.75448840431086,1,High Vibration
2024-01-18 05:00:00,0.437031061927332,39.638859497361,66.97925590219562,0,None
2024-01-18 06:00:00,0.40094015040815517,41.802023712739754,68.1497112343492,0,None
2024-01-18 07:00:00,0.646984396861767,38.16894014135685,75.58540487189187,1,High Vibration
2024-01-18 08:00:00,0.5808886254819408,42.29436523068782,68.57430397363646,0,None
2024-01-18 09:00:00,0.5010280657342836,41.548094857570696,75.46507720409573,0,None
2024-01-18 10:00:00,0.43996253477246766,37.213549290756056,73.82412714393982,0,None
2024-01-18 11:00:00,0.43807868471720046,38.50069639205375,72.59723372464427,0,None
2024-01-18 12:00:00,0.5665567896160055,33.93425145740912,71.20008197856605,0,None
2024-01-18 13:00:00,0.2387344810600353,42.36191426091128,78.50268297325924,0,None
2024-01-18 14:00:00,0.6304661182463802,41.5567634146724,63.611015658435576,1,High Vibration
2024-01-18 15:00:00,0.5380912225063473,54.81332773430122,73.44564676869172,0,None
2024-01-18 16:00:00,0.5816127950795772,39.226166533200036,71.992391279135,0,None
2024-01-18 17:00:00,0.47215438976412616,39.568176305267905,68.06022900135187,0,None
2024-01-18 18:00:00,0.39725053913185965,36.44603337602026,73.88842639147687,0,None
2024-01-18 19:00:00,0.3865403318966402,38.393240166000616,72.78955861686151,0,None
2024-01-18 20:00:00,0.5696256066576799,37.85820219059855,70.35782062849921,0,None
2024-01-18 21:00:00,0.43380648185819676,38.76867928833271,78.21857386479253,0,None
2024-01-18 22:00:00,0.5062911967323744,42.829848597523544,68.41794541191051,0,None
2024-01-18 23:00:00,0.66290656671268,41.51290595535778,70.8794212650956,1,High Vibration
2024-01-19 00:00:00,0.5151972125864525,45.96682616483434,65.48050369990851,0,None
2024-01-19 01:00:00,0.4632861791590692,38.62083604744804,70.72478588352297,0,None
2024-01-19 02:00:00,0.40235352765729904,48.079094535230794,65.4739546832899,0,None
2024-01-19 03:00:00,0.5553668074720417,37.177475056505024,69.04471666606975,0,None
2024-01-19 04:00:00,0.44202895372324047,40.919368158594324,78.62611122741752,0,None
2024-01-19 05:00:00,0.6511190414016751,39.96029593955313,71.52321968276799,1,High Vibration
2024-01-19 06:00:00,0.5458956210195368,39.85155577317426,66.8269759401138,0,None
2024-01-19 07:00:00,0.6713258550738095,43.57128173549421,70.35513770595368,1,High Vibration
2024-01-19 08:00:00,0.5015315908175939,40.41138183055877,60.55500968403197,0,None
2024-01-19 09:00:00,0.6088885130443041,43.538602958272136,65.81850697453865,1,High Vibration
2024-01-19 10:00:00,0.676889243639042,40.49768931138811,73.99899785603277,1,High Vibration
2024-01-19 11:00:00,0.5400591157231196,37.08846305325386,68.77751883509272,0,None
2024-01-19 12:00:00,0.5462361410730544,44.86752039040102,72.40059168720816,0,None
2024-01-19 13:00:00,0.5389006639832147,36.25061213595578,73.70079063164017,0,None
2024-01-19 14:00:00,0.5985744684765633,40.69507755968651,65.58807825962782,0,None
2024-01-19 15:00:00,0.43322141845870255,37.64134342266527,71.72635382256338,0,None
2024-01-19 16:00:00,0.5207284054946899,42.427348339657435,67.57303455758664,0,None
2024-01-19 17:00:00,0.3464890523637305,54.60606660081151,69.08955520601324,0,None
2024-01-19 18:00:00,0.6236392196258318,38.990637087309814,63.8227728526712,1,High Vibration
2024-01-19 19:00:00,0.49582144940102324,57.72816018534924,66.56644038385153,0,None
2024-01-19 20:00:00,0.3626942334797199,36.356417547762995,74.37168164828864,0,None
2024-01-19 21:00:00,0.4653050115438025,44.44809721785787,69.3263953465019,0,None
2024-01-19 22:00:00,0.44189516143665325,37.18763696078296,74.17519222573473,0,None
2024-01-19 23:00:00,0.5732947524687553,43.510491502487604,76.69093356409283,0,None
2024-01-20 00:00:00,0.6898474588490662,41.8348189873577,65.09661008754442,1,High Vibration
2024-01-20 01:00:00,0.42007618590060725,40.08532254971379,69.40906855805004,0,None
2024-01-20 02:00:00,0.47043574751361317,41.56226896285742,71.13798583216388,0,None
2024-01-20 03:00:00,0.6506841123573801,38.19716780901247,73.10930590322235,1,High Vibration
2024-01-20 04:00:00,0.4262498058659291,40.19192719320736,75.49050824332404,0,None
2024-01-20 05:00:00,0.5697096141278493,44.777851146445336,58.48045009056602,0,None
2024-01-20 06:00:00,0.37311903502956206,37.32917057636816,72.83121082104503,0,None
2024-01-20 07:00:00,0.5357738316075602,42.799417585786856,74.32417548123334,0,None
2024-01-20 08:00:00,0.5527701624427568,43.29179583522357,68.0310293750035,0,None
2024-01-20 09:00:00,0.40275655245633857,34.0149400630514,65.3484428861575,0,None
2024-01-20 10:00:00,0.5457630520435838,38.89717903449542,66.30951564424628,0,None
2024-01-20 11:00:00,0.5337290295705427,41.948473759149216,63.86381098098604,0,None
2024-01-20 12:00:00,0.5340062276307764,38.1434479696917,70.72887852438302,0,None
2024-01-20 13:00:00,0.30298048171026803,40.61024814331044,71.93917747852848,0,None
2024-01-20 14:00:00,0.597820948058813,47.36936623927418,59.124645039977,0,None
2024-01-20 15:00:00,0.2965331602453859,54.191012189804496,67.76042725613836,0,None
2024-01-20 16:00:00,0.5013311237519281,39.699209814599065,74.97260155279497,0,None
2024-01-20 17:00:00,0.45311301433761497,32.73006035282105,69.83136412564954,0,None
2024-01-20 18:00:00,0.20776915766187704,39.7355333576498,62.32150977282924,0,None
2024-01-20 19:00:00,0.27897373399713454,40.85631199482816,70.15978098427541,0,None
2024-01-20 20:00:00,0.693359687619182,40.47483741154703,67.76190102295872,1,High Vibration
2024-01-20 21:00:00,0.4207586081020829,41.607157725585544,63.20010446718647,0,None
2024-01-20 22:00:00,0.7224827572410308,49.31571017029868,72.80855923058714,1,High Vibration
2024-01-20 23:00:00,0.639144714422738,31.2140903820883,63.026725714862984,1,High Vibration
2024-01-21 00:00:00,0.5437434294500426,38.022975837627364,73.7703928090468,0,None
2024-01-21 01:00:00,0.6103800317202311,33.40628913429135,67.36902430004169,1,High Vibration
2024-01-21 02:00:00,0.49064689517421106,41.46989251030962,68.91921914061295,0,None
2024-01-21 03:00:00,0.47326761087934244,39.72473202066252,79.05906043790702,0,None
2024-01-21 04:00:00,0.4884999086280011,36.56120503279389,69.95693212966945,0,None
2024-01-21 05:00:00,0.5638418408463193,42.97901981524506,74.15581563736824,0,None
2024-01-21 06:00:00,0.4932909331280024,45.08748417103081,75.03032423760838,0,None
2024-01-21 07:00:00,0.4085701785712749,36.356929962441995,78.23486132681087,0,None
2024-01-21 08:00:00,0.6932194175108713,34.574822285430415,66.30250206856356,1,High Vibration
2024-01-21 09:00:00,0.5229014270356734,43.24143257200861,61.84871769059642,0,None
2024-01-21 10:00:00,0.5422745715597338,43.94349096105252,77.92305504954119,0,None
2024-01-21 11:00:00,0.3440542500504499,43.748559713684706,74.20891631605639,0,None
2024-01-21 12:00:00,0.5389390522435601,36.08563761234569,76.15550991755508,0,None
2024-01-21 13:00:00,0.5290973399196572,46.9204792357112,64.47998273503066,0,None
2024-01-21 14:00:00,0.5004661032447748,45.716489795212226,66.53988305230847,0,None
2024-01-21 15:00:00,0.5091814878596278,47.930437589620084,70.20200675984681,0,None
2024-01-21 16:00:00,0.4209729322980522,35.00978072483947,68.00029776280724,0,None
2024-01-21 17:00:00,0.48216734061573036,41.19116306177582,57.9369021362034,0,None
2024-01-21 18:00:00,0.5187772356694808,36.360105608198566,61.99147110781566,0,None
2024-01-21 19:00:00,0.49856045026524104,36.33249225183923,74.402067028996,0,None
2024-01-21 20:00:00,0.3557018492141549,42.359077868736456,66.78477756755645,0,None
2024-01-21 21:00:00,0.52552739535296,48.99286698762515,78.23295075674216,0,None
2024-01-21 22:00:00,0.5586787610740076,41.83916737927299,65.41909924629738,0,None
2024-01-21 23:00:00,0.5863798637305746,41.43018408740228,83.54729755604639,1,High Temperature
2024-01-22 00:00:00,0.5663578828755254,36.977009624164076,64.39399090893022,0,None
2024-01-22 01:00:00,0.43003460305321467,44.988257495495674,64.34222493398549,0,None
2024-01-22 02:00:00,0.43397697253416384,50.04342107875446,75.87654222244734,0,None
2024-01-22 03:00:00,0.3634090183931281,45.281899013494574,60.94076633035651,0,None
2024-01-22 04:00:00,0.4730342075391865,39.310085263736866,69.68161113983568,0,None
2024-01-22 05:00:00,0.3982397616043138,45.87005251942407,68.4980593169057,0,None
2024-01-22 06:00:00,0.6305056414585929,44.2602317851456,75.79982538272614,1,High Vibration
2024-01-22 07:00:00,0.487706102661848,37.96515685656437,75.50240762671935,0,None
2024-01-22 08:00:00,0.4477460265793284,39.93013134634625,80.2432656148204,1,High Temperature
2024-01-22 09:00:00,0.4992619138644024,39.010861399557314,64.3405592686654,0,None
2024-01-22 10:00:00,0.45067960735962065,38.52595896662206,67.22719066386142,0,None
2024-01-22 11:00:00,0.49736109955623525,36.724687189143964,71.49786577455265,0,None
2024-01-22 12:00:00,0.5844085937580945,37.1795222271055,71.44592423100794,0,None
2024-01-22 13:00:00,0.750225509719139,44.159559704772555,79.94425666969377,1,High Vibration
2024-01-22 14:00:00,0.5474298651848644,40.55382637230576,74.33231509220448,0,None
2024-01-22 15:00:00,0.5310919513123,41.597718323595245,68.98330376327173,0,None
2024-01-22 16:00:00,0.3198418704528423,31.689228278550456,64.55897799105158,0,None
2024-01-22 17:00:00,0.3049763461458441,42.60582275241655,68.22107165069511,0,None
2024-01-22 18:00:00,0.5096728230695837,40.67342635100885,60.940656258862894,0,None
2024-01-22 19:00:00,0.4468871216911543,52.57589267574528,71.16934697550269,0,None
2024-01-22 20:00:00,0.36289499684474824,39.51310090308315,65.67086001454572,0,None
2024-01-22 21:00:00,0.37510854019747797,42.531428680075095,66.93012176894648,0,None
2024-01-22 22:00:00,0.5829276237001174,40.574157733083176,74.62643778707881,0,None
2024-01-22 23:00:00,0.7089696815960305,41.122738656303206,72.68772553700234,1,High Vibration
2024-01-23 00:00:00,0.4615577517176726,36.46092425945461,66.59843576068187,0,None
2024-01-23 01:00:00,0.51897729681572,45.86517405390135,67.96739761933276,0,None
2024-01-23 02:00:00,0.5119428886094283,46.0329094579437,75.71054429872065,0,None
2024-01-23 03:00:00,0.339400483891931,40.99518174444656,60.5897856149215,0,None
2024-01-23 04:00:00,0.4804818035836376,45.96770127623323,78.19696501072387,0,None
2024-01-23 05:00:00,0.5764875307782489,36.23059470964864,65.315341963134,0,None
2024-01-23 06:00:00,0.3498471430603812,37.56243491884289,71.59178554537887,0,None
2024-01-23 07:00:00,0.5446364407155079,40.36800184199361,63.62063651457347,0,None
2024-01-23 08:00:00,0.6243500801346786,36.51092291120884,62.39125991682608,1,High Vibration
2024-01-23 09:00:00,0.3916169102882942,41.92982793119564,72.68304592807988,0,None
2024-01-23 10:00:00,0.5487162854612022,40.36807441534754,67.67012920726482,0,None
2024-01-23 11:00:00,0.34763683715683324,31.07660230577047,76.55835496268622,0,None
2024-01-23 12:00:00,0.5550604787032553,38.61703086281061,67.51590756384162,0,None
2024-01-23 13:00:00,0.40974903353143993,40.789582628010955,70.01474999731246,0,None
2024-01-23 14:00:00,0.4779729945909965,37.852022284170914,71.71230922566727,0,None
2024-01-23 15:00:00,0.4710692680125305,41.05613628451134,73.09966624271695,0,None
2024-01-23 16:00:00,0.6894514220739898,33.681070056488295,71.65688588094415,1,High Vibration
2024-01-23 17:00:00,0.3147150495710573,33.34516703522374,60.77734692448524,0,None
2024-01-23 18:00:00,0.6204804133194309,33.80208556912376,71.03561896211674,1,High Vibration
2024-01-23 19:00:00,0.4609927746208133,41.8655184268044,66.2629726336305,0,None
2024-01-23 20:00:00,0.5454824528635408,39.16524063426579,67.1737713076288,0,None
2024-01-23 21:00:00,0.2804806540990383,42.75895416126902,75.40401187258621,0,None
2024-01-23 22:00:00,0.637731641090966,35.72027601896299,73.26598794030363,1,High Vibration
2024-01-23 23:00:00,0.5313891631821803,35.06093450644783,67.33502426701065,0,None
2024-01-24 00:00:00,0.3971588090756,39.561500780068904,63.49786462345241,0,None
2024-01-24 01:00:00,0.574915960883947,41.93371774057763,68.37211432602211,0,None
2024-01-24 02:00:00,0.4554409261835821,32.363601643695254,73.23371601105306,0,None
2024-01-24 03:00:00,0.5025573263981378,40.82378002752808,70.15014760105105,0,None
2024-01-24 04:00:00,0.4380765070445659,33.70017898032083,69.69404619838089,0,None
2024-01-24 05:00:00,0.5659182351266823,46.57633921395426,62.47067467807888,0,None
2024-01-24 06:00:00,0.48976960642946116,43.87118173861309,74.11272748967374,0,None
2024-01-24 07:00:00,0.559325851492087,47.57733050922886,70.23039549011258,0,None
2024-01-24 08:00:00,0.4385003235549183,46.72858777919959,64.19293725301257,0,None
2024-01-24 09:00:00,0.42837105210896076,34.596968303341676,76.22392871761615,0,None
2024-01-24 10:00:00,0.4148655926652015,39.31998888802287,59.02950684619371,0,None
2024-01-24 11:00:00,0.5701477157619658,47.61603771997279,71.10176787502225,0,None
2024-01-24 12:00:00,0.482723091577346,35.80453792097529,78.43573999356134,0,None
2024-01-24 13:00:00,0.5846808613571897,39.01832447316399,65.84186057792395,0,None
2024-01-24 14:00:00,0.37946072493590627,39.337646431295255,81.58804279636546,1,High Temperature
2024-01-24 15:00:00,0.5809770774181704,33.96390906664689,75.31629157437212,0,None
2024-01-24 16:00:00,0.5090848452707942,36.758833741081645,68.71841828493544,0,None
2024-01-24 17:00:00,0.5040518617499181,40.52861835112119,71.1510878992019,0,None
2024-01-24 18:00:00,0.38839911334631083,40.8255766590629,63.06208017879282,0,None
2024-01-24 19:00:00,0.4182467743088565,43.71588245473294,75.50556263627882,0,None
2024-01-24 20:00:00,0.5781239013111031,41.62640880475011,77.90600977324603,0,None
2024-01-24 21:00:00,0.47197125914001403,36.46656968731763,65.02246307531004,0,None
2024-01-24 22:00:00,0.5840774332514341,47.28365991577577,77.2056580806405,0,None
2024-01-24 23:00:00,0.6662973045219103,37.66081627403251,67.74588016558162,1,High Vibration
2024-01-25 00:00:00,0.5068723421506715,36.38385856171869,71.67899552343928,0,None
2024-01-25 01:00:00,0.7360123616559278,33.91824291433171,73.17098741301706,1,High Vibration
2024-01-25 02:00:00,0.5176506613357165,46.67800263759688,60.155810573732104,0,None
2024-01-25 03:00:00,0.658571871675993,43.94226090136419,77.48790872915258,1,High Vibration
2024-01-25 04:00:00,0.2957140804059737,39.443452767615774,80.41516050155525,1,High Temperature
2024-01-25 05:00:00,0.3875410655845321,31.792139032459968,66.26750834943407,0,None
2024-01-25 06:00:00,0.44694231099151666,45.50490599193542,69.74249515940032,0,None
2024-01-25 07:00:00,0.44768842923166086,32.29637341780676,71.23090143405638,0,None
2024-01-25 08:00:00,0.40316278632234237,45.01952678322471,66.90773556471127,0,None
2024-01-25 09:00:00,0.49350232984074616,37.73539795580886,68.72608056001657,0,None
2024-01-25 10:00:00,0.4916730464706128,35.385669801491645,68.40473496538719,0,None
2024-01-25 11:00:00,0.34597444507100883,48.23936832467424,71.53087369817102,0,None
2024-01-25 12:00:00,0.5035166028133268,47.11163064014078,72.63668994172944,0,None
2024-01-25 13:00:00,0.693948654036774,37.02904547478098,66.05385582239737,1,High Vibration
2024-01-25 14:00:00,0.4433465274241935,40.70383447527245,68.93034287482644,0,None
2024-01-25 15:00:00,0.5905951980019102,52.2281624340369,66.76381684535556,0,None
2024-01-25 16:00:00,0.387558571202805,42.05824607293388,65.29296856981787,0,None
2024-01-25 17:00:00,0.5996327368801657,43.492012259186886,64.53375802701751,0,None
2024-01-25 18:00:00,0.36915495774663315,37.16701544567823,76.2143083407315,0,None
2024-01-25 19:00:00,0.44802100077012164,42.56813958402062,69.8659177446161,0,None
2024-01-25 20:00:00,0.5523440983729042,39.23065744555818,70.71829620133663,0,None
2024-01-25 21:00:00,0.4626334808672493,31.60153291473575,57.68134518194017,0,None
2024-01-25 22:00:00,0.37964127099615275,37.5479634535197,76.7095247867156,0,None
2024-01-25 23:00:00,0.5172483566470234,43.37117624448883,59.92833538813401,0,None
2024-01-26 00:00:00,0.5054856564625488,32.305253144853005,64.22786956572479,0,None
2024-01-26 01:00:00,0.5967315875530955,34.44496654939815,67.1307116168298,0,None
2024-01-26 02:00:00,0.5108710394551055,33.28892875138706,74.74096284828867,0,None
2024-01-26 03:00:00,0.4229680602223803,40.00414427933275,70.68131154612718,0,None
2024-01-26 04:00:00,0.5303559190373108,40.7222685594206,68.052188469684,0,None
2024-01-26 05:00:00,0.5969628124986586,40.44065618973457,72.87996255714643,0,None
2024-01-26 06:00:00,0.5892917363292802,41.30243802797135,80.46390020218305,1,High Temperature
2024-01-26 07:00:00,0.5337478372859348,30.980392938653278,66.16587898021933,0,None
2024-01-26 08:00:00,0.4954887145879683,37.29574438100644,72.17082366991055,0,None
2024-01-26 09:00:00,0.8356720459408624,35.557032698629065,65.93031399386915,1,High Vibration
2024-01-26 10:00:00,0.6743194691868375,37.58638262023082,71.8076145267445,1,High Vibration
2024-01-26 11:00:00,0.5316500274108021,41.717884566007946,67.4151398032838,0,None
2024-01-26 12:00:00,0.46001002955679327,37.28415941477421,66.91898249553536,0,None
2024-01-26 13:00:00,0.5063308935499016,34.01986199452195,71.99903145553104,0,None
2024-01-26 14:00:00,0.5514418431460734,46.590242311427254,61.79841619175727,0,None
2024-01-26 15:00:00,0.7929214694958688,43.28981473019933,72.60541848733324,1,High Vibration
2024-01-26 16:00:00,0.5009873364728792,42.930915153264586,76.17371409169823,0,None
2024-01-26 17:00:00,0.3225487856588287,43.728979637526024,68.30959424895269,0,None
2024-01-26 18:00:00,0.5177106208833937,35.88656115995085,62.280993000525775,0,None
2024-01-26 19:00:00,0.5088548324693859,40.79996640915324,67.3622020068637,0,None
2024-01-26 20:00:00,0.4721131402592008,43.55137292503956,70.31874966395173,0,None
2024-01-26 21:00:00,0.4679333958752449,33.56895435416384,61.97947242113341,0,None
2024-01-26 22:00:00,0.45591677886589066,36.88096342120919,63.565668827743785,0,None
2024-01-26 23:00:00,0.5551624188308755,29.775222106864646,72.72087166280052,0,None
2024-01-27 00:00:00,0.3951557302201406,39.166562090847926,74.5410055091301,0,None
2024-01-27 01:00:00,0.4324318371275284,30.519878873709906,73.62689957519645,0,None
2024-01-27 02:00:00,0.36118931526571774,35.67139039764557,67.65402104005383,0,None
2024-01-27 03:00:00,0.499970395094978,42.60183450886864,71.11759956401802,0,None
2024-01-27 04:00:00,0.42451141720841173,46.16748110485575,66.248526749953,0,None
2024-01-27 05:00:00,0.7920910280127565,40.929934615295906,65.59330235008281,1,High Vibration
2024-01-27 06:00:00,0.6569169266603031,42.4449641362308,67.21623911390333,1,High Vibration
2024-01-27 07:00:00,0.48084617301317384,43.141978848906575,75.73831824011722,0,None
2024-01-27 08:00:00,0.46037733818378684,39.15556649009606,73.43182195041314,0,None
2024-01-27 09:00:00,0.5880862207729372,34.48092715941718,64.97959685166337,0,None
2024-01-27 10:00:00,0.3319302307953295,48.316578374527516,71.02291638262382,0,None
2024-01-27 11:00:00,0.36682915605837074,37.68384535825618,64.13206416426209,0,None
2024-01-27 12:00:00,0.4132749235046261,37.119899640226194,67.2193351825239,0,None
2024-01-27 13:00:00,0.42994559232078555,41.67086410918197,65.72385752064238,0,None
2024-01-27 14:00:00,0.5238399332574598,32.845763599409736,76.27856133770932,0,None
2024-01-27 15:00:00,0.5329049797010883,45.240397087357,69.6397589498833,0,None
2024-01-27 16:00:00,0.5981079044835267,41.58603423612701,74.22535909786372,0,None
2024-01-27 17:00:00,0.5015332179021355,40.879928191086435,67.4173505460396,0,None
2024-01-27 18:00:00,0.38731246293619287,46.67376944628163,63.88686103741356,0,None
2024-01-27 19:00:00,0.4639065148143806,32.052749331916566,65.22415536838275,0,None
2024-01-27 20:00:00,0.48605077610255293,37.17747013143505,72.22176175535625,0,None
2024-01-27 21:00:00,0.5816068994136565,39.89044702915745,62.53937692450674,0,None
2024-01-27 22:00:00,0.5934007839912151,40.842598702277584,72.33887099161342,0,None
2024-01-27 23:00:00,0.5099338292819628,41.1776130326495,78.51418589378453,0,None
2024-01-28 00:00:00,0.32678891875561433,37.30419644244178,67.98392021923964,0,None
2024-01-28 01:00:00,0.503131430179698,30.521712962765708,72.10405910390544,0,None
2024-01-28 02:00:00,0.4080928241481386,44.95872235123211,72.19524400969615,0,None
2024-01-28 03:00:00,0.4146050836894123,40.05963841534313,75.10963853533161,0,None
2024-01-28 04:00:00,0.5706975292907658,43.83637936896064,70.4319822373255,0,None
2024-01-28 05:00:00,0.4141767487796335,35.05020569830802,66.47505447359558,0,None
2024-01-28 06:00:00,0.3664665162075653,41.73798441632392,65.87543087598313,0,None
2024-01-28 07:00:00,0.4410991176364833,40.812599000550456,68.51076647329015,0,None
2024-01-28 08:00:00,0.5016874084551195,39.11570500621882,71.51477717175848,0,None
2024-01-28 09:00:00,0.4410744182478802,40.44616803093141,72.39175461426495,0,None
2024-01-28 10:00:00,0.5774769852673325,44.375903230809165,66.95626808449948,0,None
2024-01-28 11:00:00,0.5077203008687003,45.29982588584317,68.61603504630277,0,None
2024-01-28 12:00:00,0.5229456888188685,43.2610921450392,71.9100439764019,0,None
2024-01-28 13:00:00,0.5702164159356076,38.480222015372625,62.24217121255952,0,None
2024-01-28 14:00:00,0.5400357192866295,50.5550188540645,69.72307802094409,0,None
2024-01-28 15:00:00,0.5519723146139317,25.483361909670936,63.524275530283475,0,None
2024-01-28 16:00:00,0.4526763127596438,43.57095821181694,62.34397119700017,0,None
2024-01-28 17:00:00,0.3613119219076588,35.16831221517316,71.64672881090793,0,None
2024-01-28 18:00:00,0.6076608860373327,33.640286147980326,72.87564877443187,1,High Vibration
2024-01-28 19:00:00,0.5679187525747005,38.210860900030546,70.52048867075524,0,None
2024-01-28 20:00:00,0.4622168672956002,41.94930937957953,64.8091323976706,0,None
2024-01-28 21:00:00,0.5486663286103042,34.25940916221656,72.3201222447564,0,None
2024-01-28 22:00:00,0.6694831023259031,37.07840066578739,76.96038562481509,1,High Vibration
2024-01-28 23:00:00,0.4651421813398743,45.21244779202646,76.37599599801352,0,None
2024-01-29 00:00:00,0.5567494850345241,42.2361712777098,66.02681060560407,0,None
2024-01-29 01:00:00,0.47080810066877576,35.98758993735839,64.25970181928933,0,None
2024-01-29 02:00:00,0.5750551524014338,47.051694707792684,75.54522332209909,0,None
2024-01-29 03:00:00,0.3917443107488406,39.23989962190301,62.520092221233675,0,None
2024-01-29 04:00:00,0.42153453443013145,47.362638893878284,66.22570513972606,0,None
2024-01-29 05:00:00,0.31369560020035525,41.92841984410702,71.15727853291152,0,None
2024-01-29 06:00:00,0.4292992137931725,42.269475047839734,68.82265810198307,0,None
2024-01-29 07:00:00,0.5653759926843327,37.8194350246051,65.63830947620421,0,None
2024-01-29 08:00:00,0.6245627646431737,40.48564483561058,68.1280367195244,1,High Vibration
2024-01-29 09:00:00,0.5518501944262793,47.02786008276472,59.0885367109616,0,None
2024-01-29 10:00:00,0.48967283492257097,40.933844196989966,70.62917546541952,0,None
2024-01-29 11:00:00,0.38566923822144944,34.36346833097698,70.11127626108579,0,None
2024-01-29 12:00:00,0.3933605940326937,39.58155617680577,72.71107071949123,0,None
2024-01-29 13:00:00,0.42402513063321945,39.33937814364572,72.32242342752545,0,None
2024-01-29 14:00:00,0.4657588322024885,41.057860517169836,79.2618885140795,0,None
2024-01-29 15:00:00,0.6226726376380401,39.421566155292446,61.95019414079938,1,High Vibration
2024-01-29 16:00:00,0.5074999804879582,41.24642031736975,72.3969193552288,0,None
2024-01-29 17:00:00,0.5698710257551705,40.723691269709775,60.836008494828924,0,None
2024-01-29 18:00:00,0.3935052776615743,32.61289077080676,73.77397519911909,0,None
2024-01-29 19:00:00,0.45667079523970433,47.159751495710104,71.05387374271325,0,None
2024-01-29 20:00:00,0.4640272927680564,39.038666092125226,66.93170344542,0,None
2024-01-29 21:00:00,0.44918919463679274,41.2639591960565,75.56967248879246,0,None
2024-01-29 22:00:00,0.5249356542549792,36.44246478087724,71.18274591879444,0,None
2024-01-29 23:00:00,0.4971951612341245,41.624762714395644,69.82839899220116,0,None
2024-01-30 00:00:00,0.3767992174421765,40.89062849239976,76.14710904821584,0,None
2024-01-30 01:00:00,0.3519722569108006,48.89106820637844,73.37911476545504,0,None
2024-01-30 02:00:00,0.32423120113667914,45.746287121445164,68.05382603559443,0,None
2024-01-30 03:00:00,0.5007000888603725,46.865698097274276,74.66953295377947,0,None
2024-01-30 04:00:00,0.5529070802099771,31.222082750725058,71.3231200386679,0,None
2024-01-30 05:00:00,0.4842622908409397,43.575641000927135,76.62063952946919,0,None
2024-01-30 06:00:00,0.36871499994079504,36.29976845155652,74.78675677750036,0,None
2024-01-30 07:00:00,0.4717565271940642,45.24692294394594,68.60883228561714,0,None
2024-01-30 08:00:00,0.5764445279812077,42.59452268384592,67.02787780021991,0,None
2024-01-30 09:00:00,0.3111984720248633,33.1524440527231,70.39504752827185,0,None
2024-01-30 10:00:00,0.6026344434109694,33.307570486439516,76.55253512293679,1,High Vibration
2024-01-30 11:00:00,0.2674324356203772,40.803120988463256,75.83553976330194,0,None
2024-01-30 12:00:00,0.5315234636757791,36.89746788325186,65.70079703362077,0,None
2024-01-30 13:00:00,0.3793419284274116,43.50895175343315,71.71035287259511,0,None
2024-01-30 14:00:00,0.5411070354452107,47.25589487535903,69.8225762685453,0,None
2024-01-30 15:00:00,0.4805519135996965,43.23441077742782,67.28494457020058,0,None
2024-01-30 16:00:00,0.5408800832044274,33.138037430938375,62.399647258474346,0,None
2024-01-30 17:00:00,0.47701087643556883,38.42385560079615,74.83167033930029,0,None
2024-01-30 18:00:00,0.5027138661322582,42.61334675266841,72.76254341780754,0,None
2024-01-30 19:00:00,0.5062398040286233,47.830037668235114,74.14091171981374,0,None
2024-01-30 20:00:00,0.57487849857503,39.65392745196675,70.92459052207525,0,None
2024-01-30 21:00:00,0.5496959460831885,48.470147576736764,73.85001679232346,0,None
2024-01-30 22:00:00,0.5515761343355653,39.63786585542041,73.13075715409713,0,None
2024-01-30 23:00:00,0.660198566165511,35.572912005929176,77.84660163105931,1,High Vibration
2024-01-31 00:00:00,0.6842404398831634,41.11918631601707,71.31675054755564,1,High Vibration
2024-01-31 01:00:00,0.6120274289408657,40.085137783641024,56.00768776101485,1,High Vibration
2024-01-31 02:00:00,0.3675760636945836,47.61380436249381,68.87865523231174,0,None
2024-01-31 03:00:00,0.32566528159888586,39.805954082609034,74.37442921557385,0,None
2024-01-31 04:00:00,0.4782046960515903,32.001502515066136,69.38115599174301,0,None
2024-01-31 05:00:00,0.6959540101262569,44.26789567911629,71.19444466343978,1,High Vibration
2024-01-31 06:00:00,0.6313237060394209,38.89214304764391,70.02107613745359,1,High Vibration
2024-01-31 07:00:00,0.3432499849912304,34.40077556265123,70.04151023701601,0,None
2024-01-31 08:00:00,0.5211081042971596,37.558934650136514,76.44019651638536,0,None
2024-01-31 09:00:00,0.5914265605739477,41.33766377966212,67.32624276169295,0,None
2024-01-31 10:00:00,0.560510607801844,36.2915377894742,66.90288786822137,0,None
2024-01-31 11:00:00,0.4578220035981226,33.772157592797704,68.82995790029392,0,None
2024-01-31 12:00:00,0.536060760930633,34.52786647781698,67.54517767376605,0,None
2024-01-31 13:00:00,0.7004011454730591,36.80223847118682,73.11227232862859,1,High Vibration
2024-01-31 14:00:00,0.5621525656302109,44.24263949028741,79.17237919550402,0,None
2024-01-31 15:00:00,0.5739745075456434,40.04309856841986,63.323872975801606,0,None
2024-01-31 16:00:00,0.6331741683890356,39.45975358792045,59.8370431709237,1,High Vibration
2024-01-31 17:00:00,0.40771817180753334,40.336323825688865,63.97448867395156,0,None
2024-01-31 18:00:00,0.42035297309351227,36.796566268236894,70.63018194375981,0,None
2024-01-31 19:00:00,0.49690149969077885,47.55281050075011,68.10814796762595,0,None
2024-01-31 20:00:00,0.4223100460836564,39.59630358208386,72.35960512461048,0,None
2024-01-31 21:00:00,0.6281485394233579,37.66028876345399,61.22337657064695,1,High Vibration
2024-01-31 22:00:00,0.4112738338248167,44.28586630818171,71.07818803936749,0,None
2024-01-31 23:00:00,0.5546013104216903,50.69982168826193,71.3221305451107,0,None
2024-02-01 00:00:00,0.3164962690001225,41.997996248531415,67.10805603858604,0,None
